brandName,imageKey
47,
47 Brand,
0g,
108 Stitches,
180's,
180s,
2 pack,
2Tone Cleat Covers,
2XU,
3006 Outdoors,
3Bays,
3D Robotics,
3M,
3N2,
47 Brand,
47' Brand,
5.11 Tactical,
5150,
5th & Ocean,
7-UP,
94Fifty,
A & R,
A-TOM-MIK,
A&R,
AB Dolly,
Ableware,
About Time,
Abu Garcia,
ABUS,
Acacia Sports,
Accudart,
AceCamp,
ACS,
Action Tapes,
Active Ankle,activeankle
Acuity,
Adams,adamsgolf
Adams Golf,adamsgolf
Adams USA,adamsgolf
adidas,adidas
adidas Originals,adidas
adidas Outdoor,adidas
adidas/ESPN,adidas
Adrenaline,adrenaline
Adrenaline Lacrosse,adrenaline
Advanced Element,
Advanced Elements,
Advantage Hunting,
Adventure Medical Kits,
Adventure Trading Inc.,
Aerobed,
Aerojig,
AFG,
Aftershokz,
AFW,
Ahi USA,
Airhead,
Airsoft,
Airwalk,
Akadema,akadema
Akoo,
Aksels,
Aldila,
Alias,
All Conference,
All Pro,
All Star,
All-Star,
Allen,
Allen Edmonds,
Allen Sports,
Allstar,
Ally,
Altra,
Alumagoal,
AM,
American Athletic Shoe,
American Furniture Classics,
American Hunter,
American Needle,
American Stitch,
American Trails,
Ameristep,
Aminco,
Amphipod,
AMS,
AND1,and1
Ande,
Ani-Logics,
anon,
Antigua,
Antler King,
Apex,
Apex Gear,
Apple apple,
Aqua Leisure,
Aqua Lung Sport,
Aqua Sphere,
Aquagear,
Aquaglide,
Arachnid,
Arbogast,
Arborwear,
Arccos,
Arctic Force,
Arctic Ice,
Ardent,
Arena,
Ariat,
Arnold Series,
Arrow Precision,
Arsenal,
ASIC,asics
ASICS,asics
ASICS Tiger,asics
ASICS_,asics
ASO,
Assault Fitness,
Atec,
Athalon Sportgear,
Athleta,
Athletic Specialties,
Atlas,
ATN,
Atom,
Atomic,
ATS,
Attack Athletics,
Attain Direct,
Attwood,
Atwater Carey,
Audio-technica,
Authentic Street Signs,
Automatic Chef,
Avenir,
Aveo,
Avery,
Avian X,
Avian-X,
AVIVA,
AXE,
Axe Bat,
Axis1,
AXT,
Babolat,
Back 9,
Backpacker's Pantry,
Baden,
Badger,
Badger Sporting Good,
Badger Sportswear,
Badlands,
Bag Boy,
Baggo,
Bagley,
Baker,
Ballback,
BamBooBat,
Bamshaft,
Banded,
Bandit,
Bangerz,
Banzai,
Bar Fly,
Barnett,
Barronett Blinds,
Barska,
BASS,
Bates,
Batter Up Ind.,
Battle,
Battle Sports,
Battle Sports Science,
Bauer,bauer
Bauerfeind,
Bear Archery,
Bear River,
BEARPAW,
Beats,beats
Beats by Dr. Dre,beats
Beau Mac,
Beaver Dam,
Beckman,
Beeman,
Belkin,
Bell,
Bell Distributors,
Beman Archery,
Benchmade,
Benjamin,
Beretta,
Berkle,
Berkley,
Bern,
Bert's Custom Tackle,
Best Fitness,
Bette & Court,
Bettinardi,
Betts,
BIC,
BIC Sports,
Big & J,
Big Cat,
Big Game,
Big Hammer,
Big Jon Sports,
BIG MAX,
Big Rack,
Big River,
Big Skinny,
BIGS,
Bike USA,
Bill Lewis,
Billabong,
BioEdge,
BioLite,
BioLogic,
Bionic,
Bionic Body,
Birchwood Casey,
Bison,
Bison Designs,
Black Antler,
Black Clover,
Black Diamond,
Black Ice,
Black Ops,
Black Pine,
Blackburn,
Blackfire,
BLACKHAWK!,
Blackstone,
Blackwater,
Bladerunner,
BLADEZ Fitness,
Blazer,
Bleacher Creatures,
Blind,
Block,
Block Targets,
BloodSport,
Blue 84,
Blue Fox,
Blue Frog,
Blue Juice,
BOB,
Boccieri Golf,
Body Glove,
Body Solid,
Body-Solid,
Bodyglide,
Bodyguard Pro,
BOGgear,
Bogs,
Bohning,
Bomber,
Bone Collector,
BONEShieldz,
Booklegger,
Booyah,
Bose,
Boss Buck,
BOSU,
Bottelsen,
Bounty Hunter,
Bowflex,
Bownet,
boxercraft,
Boyt,
Bracketron,
Bradley Smoker,
Brainstorm Gear,
Brainstorm Golf,
Brainstorm Products,
Breakaway Products,
Bridgestone,
Bridgford,
Brine,brine
Brinkmann,
Brooks,
Brown,
Browning,
Brunswick,
Brunswick Billiards,
Brunton,
Brute,
BSA Optics,
BSN,
BSN Sports,
BTS,
Bubba Blade,
Buccaneer,
Buck Bomb,
Buck Gardner,
Buck Knives,
Buck Wear,
Buff,
Buffalo,
Bulldog,
Bullshooter,
Bunjo,
Bunny,
Burley,
Burris,
Burt Coyote,
Burton,
Bushmaster,
Bushnell,
Butler Creek,
Butterfly,
Byer of Maine,
BZ,
C'Mere Deer,
Cabela's,
Cage Fighter,
Cajun,
Cajun Injector,
Caldera,
Caldwell,
CALIA by Carrie Underwood,
California Board Company,
Callaway,
Calvin Klein,
Calvin Klein Performance,
Calypso,
Camco,
CamelBak,
Camillus,
Camowraps,
Camp Chef,
CAMP Technical Adventure,
Camper,
Campfire Grill,
Campus Specialties,
Can-coctions,
Canari,
Cannon,
Cannon Security,
Canterbury,
Capezio,
Capita,
Caravan,
Caravan Canopy,
Carbon Express,
Cardiff Skate Company,
CargoLoc,
Carhartt,
Carlisle,
Carlson's,
Carolina,
Carolina Sewn,
Carrom,
Carson Optical,
Cascade,cascade
Cascade Creek,
Case,
Case Knives,
Caseworks International,
Casio,
CAT,
Caviness,
CBE,
CCM,ccm
Cedar America,
Cedar Ridge,
Cellucor,
Celsius,
CenterPoint,
Century,
CEP,
CF Athletic,
CG Bike Co.,
CHAMP,
Champion,
Champion Sports,
Champion Targets,
Championship,
Championship Product,
Champro,
Chaos,
Chef 5 Minute,
Chef's Banquet,
Chef'sChoice,
Chicago Skates,
Chiliwear,
Chomper,
Christian,
Chrome,
Church Tackle,
Churchill,
Ciao! Baby,
Civil Clothing,
Clam,
Clam Outdoors,
Clarks,
Clarkspoon,
Classic Accessories,
Clava,
Clear Creek,
Clear Gear,
Cleveland,
Cleveland Golf,
Clicgear,
Cliff Keen,
Clinch Gear,
Club Glove,
Clymer Publications,
Coach Dave's,
CoachDeck,
Cobra,
Code Blue,
Coghlan's,
Cold Steel,
Coleman,
Colorado,
Colosseum,
Colosseum Athletics,
Colt,
Columbia,
Combat,
Combat Sports,
Comfort Zone,
Competitor,
Compex,
Complete Medical,
Concept One,
Concepts Sport,
Connelly,
Connelly Skis,
ConQuest,
Consistent-Tee,
Contender,
Converse,
Converting,
Cool'n Tape,
Coopersburg Sports,
Copper Fit,
Copper John,
Cordcraft,
CORE,
Core Fitness,
Costa,
Costa Del Mar,
Cotton Cordell,
COVERMATE,
Covert,
Crable,
Craft,
Cramer,
CranBarry,
Creative Outdoor Distributor,
Cressi,
CRKT,
Crocs,
Crosman,
Cross Archery,
Crowder,
CRUSH,
Cuda,
Cuddeback,
Culprit,
Cushe,
Cutter,
Cutter & Buck,
Cutters,cutters
CW-X,
CWB,
CycleOps,
Cyclops,
Cytosport,
d. light,
D.O.A.,
D3fy,
D6 Sports,
Daisy,
Daiwa,
DAKINE,
Dakota Decoy,
Dakota Decoys,
Dallas Cowboys,
Dallas Cowboys Merchandising,
Danielson,
Danner,
Danskin,
Daphne's Headcovers,
Darkstar,
Datrek,
David Seeds,
Day 6 Outdoors,
DBX,
DC,
DC Shoes,
DCM,
Dead Down Wind,
Dead Ringer,
deBeer,
Decky,
Deep Freeze,
Defender Sports,
Delta McKenzie,
DeMarini,demarini
Denali,
Descente,
Desert Eagle,
Deuce Brand,
Dexter,
Dexter Russell,
DFX Sports,
DFX Sports & Fitness,
Diadora,
Diamond,
Diamond Archery,
Diamond Fishing Products,
Diamond Sports,
Diamondback,
Diamondback Fitness,
Dick Nite,
Dick's Sporting Goods,
Dickson,
Dirx,
Disc-O-Bed,
Discover Your Game,
Discraft,
Disney,
Distant Replays,
DMI Sports,
DNA,
DNZ Products,
Do-All Outdoors,
Dobyns,
Dobyns Rods,
Dockers,
Dolfin,
Dolphin,
Don Alleson,
Don Joy,
DonJoy Performance,
Dorcy,
Dorfman Pacific,
Douglas,Douglas
Down N Dirty Outdoors,
Down-N-Dirty Outdoors,
Dr. Cool,
Dragon,
Drake Waterfowl,
DRAZ,
DRI DUCK,
Dry Case,
Dry Pak,
DryCASE,
Duck,
Duck Commander,
Duck Dynasty,
Duckett Fishing,
Ducks Unlimited,
Dudley,
DUEL Game Calls,
Dunlop,
Duofold,
Durango,
DuraSight,
Dutailier,
Dye,
Dynaflex,
Dynasty,
E-Case,
E-Force,
E-Z UP,
E-Z-Up,
Eagle Claw,
Eagles Nest Outfitters,
Eagles Wings,
East Coast Dyes,
East Coast Mesh,
Eastbay,eastbay
Eastland,
Eastman Outdoors,
Easton,easton
Easton Archery,
Easton Mountain,
Easton Mountain Products,
EastPoint Sports,
Easy Rider,
Ebonite,
Ecco,
Echo Calls,
Ecko Unltd,
ECOXGEAR,
Edgecraft,
eGear,
EGO,
Egret Baits,
Ektelon,
Ektio,
Electronic Arts,
Element,
Elevation Training Mask,
Elite,
Elite Fitness,
Elite Hockey,elitehockey
Elite Kold,
Elite Skate Protection,
Emotion,
Empire,
Empire Battle Tested,
empower,
Emsco,
Endurance,
ENELL,
Energizer,
ENO,
EOTech,
EP Pro,
EPIC,
Epoch Lacrosse,
EquiTee,
Ernest Sports,
Esbit,
Eskimo,
ESP,
ESPN,
ESPN Films,
Estwing,
Etnies,
Eton,
Etonic,
Eureka,
Eureka!,
Evercast,
Everlast,
EVO,evoshield
Evolution,
Evolve Golf,
Evolved Habitats,
Evolved Harvest,
Evoshield,evoshield
EVS,
Excalibur Crossbows,
ExOfficio,
Exterior Skate Protection,
Extrasport,
Extreme Rage,
Exustar,
EyeBlack,
Eyeline Golf,
EZ Puck,
EZGoal,
F.J. Neil,
Fabrique Innovations,
Faction Skis,
FairwayPro,
Fallen,
Fan Fever,
Fan Mats,
FanBand,
FANMATS,
Fat Cat,
Fathead,
Fathead_,
Fatheads,
Feetures!,
Fenix,
Fenwick,
Field & Stream,
Field Logic,
Fieldline,
Fifty/Fifty,
Fightdentist,
FILA,
Final Approach,
FINIS,
Finish Line,
Firefield,
Firepower,
Firmstrong,
First Lite,
First Practice,
Fish Hawk Electronics,
Fish Pimp,
Fisher Athletic,
Fisher Labs,
FisherGirl,
Fit 2 Win,
Fitbit,
FitDeck,
Fitec,
FitMiss,
Fitness Gear,
FITSOK,
Fivefingers,
Flag-A-Tag,
Flambeau,
Flambeau Outdoors,
Flameboy vs Wet Willy,
FlatBall,
Flextone,
Florida Sportsman,
Flow,
Flow Society,
Flying Arrow Archery,
Flying Fisherman,
FNH USA,
Foam Fanatics,
Foamheads,
Folsom,
Folsom-Maxel,
FootJoy,
For Bare Feet,
Forest Ice,
Forever Collectibles,
ForEverlast,
Fox 40,
FOXPRO,
Frabill,
Franklin,franklin
Franklin Sports,franklin
FreeMotion,
Fremont Die,
Frog Hair,
frogg toggs,
Frogger,
Frontiersman,
FRS,
Fuel,
FuelBelt,
FUGOO,
Fuji,
Funko,
Future Beach,
Future Star by Capezio,
G Tee,
G Tee Batting Tees,
G-III,
G-III For Her,
G. Loomis,
G5 Outdoors,
Gaiam,
Gait,gait
Gamakatsu,
Game Bibs,
Game Golf,
Game Signs,
Gamecraft,
GameFace,
GameGuard,
Gamehide,
Gamemaster,
GamePlan Gear,
GameSaver,
GameWear,
GAMMA,
Gamma Labs,
Gamo,
Garmin,
Gatorade,
Gazelle,
GCI Outdoor,
Gear Aid,
Gear For Sports,
Gear Pro-Tec,
Gearbox,
geckobrands,
GEIGERRIG,
Geiggerig,
Genesis,
Genuine Innovations,
Genuine Stuff,
Georgia Boot,
Gerber,
Gerry,
Gibbon,
Gibson,
Gilbert,
Gildan,
Gill,
Girls With Guns,
Giro,
Glacier Glove,
Gladiator,
Glamorise,
GlenDel,
Glo Bugs,
Glove It,
Glovemate,
Glover's,
GNC,
Goal Zero,
Goaliath,
Goalrilla,
Goalsetter,
GoFit,
GoGirl,
Gold Bond,
Gold Medal,
Gold Tip,
Gold's Gym,
Golden Retriever,
Golf Gifts & Gallery,
Golf Pride,
GolfBuddy,
GolfWorks,
Gone Fishing,
Gongshow,
GoPro,
GORE-TEX,
Got-Cha,
Grabber,
Graber,
Graf,
Grafalloy,
Grand Old Master,
Grand Slam,
Grand Trunk,
Grays,
Great American Products,
Green Biscuit,
GreenKeepers,
Gregory,
Griffin Technology,
Grim Reaper,
Grime Boss,
GRIP,
Grip Sports,
Grip-on,
Gripmaster,
Grit,
Grizzly Ridge,
Grund_ns,
GSC,
GSG,
GSI Outdoors,
GT,
GU,
Guerrilla Air,
Guess,
Gumleaf,
GunVault,
Guy Harvey,
Guyot,
H&H,
H&K,
HALO,
Hammer Nutrition,
Hammock Source,
Hang Ten,
Hanwag,
Harbinger,
Hard Core,
Hardcore,
Harmony,
Harrow,
Harry Nilsson,
Harvey Baseball,
Hasbro,
Hatsan,
Havaianas,
HAWK,
Haydel's,
Head,
Healbe,
Health Gear,
Heater,
Heaton,
Heddon,
Hedstrom,
Helly Hansen,
Helmet HALO,
Heritage,
Hestra,
Hevi-Shot,
HHA Sports,
High Sierra,
Highland,
Highland Mint,
Hirzl,
Hitting Jack-It,
HME,
HME Products,
HO Sports,
Hodgdon,
Hodgman,
Hoffman Bikes,
HOKA ONE ONE,
Home & More,
Homedics,
Hooked Nation,
Hoppe's,
Hornady,
Horton,
Hot Chilly,
Hot Chillys,
Hot Fingers,
Hot Glove,
Hot Shot,
Howard Leight,
Howies Hockey,
HTC,
Huffy,
Hugger Mugger,
Hugo Boss,
HUK,
Human Kinetics,
humangear,
Humminbird,
Hunter,
Hunter Safety System,
Hunter's Edge,
Hunter's Specialties,
Huntworth,
Hurley,
Hurricane,
Hydrapak,
Hydro Flask,
Hydroslide,
HydroWave,
HYPER,
Hyperflex,
Hyperice,
Hyperlite,
i.d.i. gear,
IceArmor,
Icebreaker,
ICEtrekkers,
Icon Fitness Element,
iFit,
Igloo,
Igloos,
Imagine,
Imperial Stride Tool,
Imprints,
In the Breeze,
Incase,
Injinji,
Innova,
Innovative Concepts,
Inov-8,
Insider Bat,
Insiderbat,
InSTEP,
Intelliskin,
Intensity,
Intex,
ION,
IPATH,
iProtec,
IQ Bowsight,
iReliev,
Irish Setter,
iRiver,
Iron Gloves,
Iron Maple,
Ironclad,
Ironman,
IRONMAN Pro,
isoBLOX,
ISS,
IZOD,
Izzo,
Izzo Golf,
J Fit,
J-BIZ,
J. America,
Jabra,
Jack-It,
Jackall,
Jacob Ash,
Jade Yoga,
Jaeger Sports,
Jamie Sadock,
Jamsonic,
JanSport,
Jarvis Walker,
Jason Mitchell,
Jawbone,
Jaybird,
Jelly Belly,
Jetboil,
Jiffy,
Jimalax,
Joby,
Jockey,
Johnson,
Jones Sports Co.,
JOOLA,
Jordan,Jordan
JT Paintball,
JTA Products,
Jugs,
JUNK,
Junk Ball,
JVC,
K-Swiss,
K2 Skate,
K2 Sports,
KA-BAR,
Kaenon,
Kaepa,
Kalashnikov,
Kalin's,
Kamagon,
Kamazu,
Kamik,
Kamp Rite,
Kamp-Rite,
Kan Jam,
Katadyn,
KaZAM,
KEEN,
KEITECH,
Kelty,
Kenda,
Kennedy Denim,
Kent,
Kerr Sports,
Kershaw,
Kettleglove,
Kettler,
Kijaro,
King Kooker,
King's Camo,
Kinney Shoes,
Klymit,
Knight & Hale,
Knog,
Knuckle Lights,
KOAR,
Koho,
Kolder,
K�PPEN,
Korkers,
Korney Boards Aides,
Kowa,
KR Strikeforce,
Krazy Netz,
Kryptek,
Kryptonics,
KT Tape,KTtape
KutMaster,
Kwik Goal,
Kwik Tek,
LaceClips,
Lacoste,
LaCrosse,
LaCrosse Footwear,
Lady Hagen,
Lake Placid,
LakeMaster,
Lamborghini,
Lamiglas,
Lamkin,
Landmann,
Lansky,
Laser Genetics,
Laser Pegs,
LaserLyte,
LaserMax,
Late for the Sky,
Latex,
Lavika,
Lazer TroKar,
Lazypants,
LDR Headgear,
Leatherman,
LED Lenser,
Lee Fisher,
Leightning,
Leland's Lures,
LEM,
LeSportsac,
Lethal,
Leupold,
Levelwear,
Leverage,
Levi's,
Lew's,
Lewis N. Clark,
Liberty,
Life is good,
LifeCore Fitness,
Lifefactory,
Lifeline First Aid,
Lifesaver Systems,
LifeSpan Fitness,
LifeStraw,
Lifetime,
LifeTrak,
Light My Fire,
Lightspeed Outdoors,
LIJA,
Lil' Anglers,
LimbSaver,
Lindon Farms,
Lindy,
Lip Ripperz,
Liquid Force,
Little Earth,
Littlest Golfer,
Liverpool,
LIVETARGET,
Livingston Lures,
Lizard Skins,lizardskins
Lobster Sports,
Local Motion,
Lockdown,
Lodge,
Lodge Outfitters,
Logo,
Logo Chair,
Lol,
Lol�,
Look Cycle,
Loon Outdoors,
Lost Camo,
Lotto,
Lotus,
Louis Garneau,
Louisville Slugger,louisvilleslugger
Lowrance,
LRG,
LRI,
Lucky Bums,
Lucky Craft,
Lucky Duck,
lucy,
Lugz,
Luhr-Jensen,
LULU,
LumberStak,
Lunkerhunt,
Luxilon,
M^POWERED,
MAC Sports,
Mace,
MacGregor,
Mack's,
MAD,
Mad Bomber,
Mad River,
Maestro,
MAGLITE,
Mainstreet Classics,
Majestic,
Major League Bowhunter,
Malone,
Manduka,
Manzella,
Maranda,
Marathon,
MarCum,
Marcy,
Marcy Diamond,
Marcy Pro,
Marine Metal,
Marine Sports,
Marines,
Markers Inc.,
Marksman,
Markwort,
Marmot,
Martin Archery,
Martin Kilpatrick,
Martin Sports,
Marucci,marucci
Marvel,
Mason Tackle Company,
Master Lock,
Master Sportsman,
Masterbuilt,
MasterPieces,
Mattel,
Mattingly,
Matzuo,
Maui Jim,
Maurice,
Maverik,maverik
Maverik Lacrosse,maverik
Maverix,
Maxfli,
McArthur,
McArthur Sports,
McDavid,mcdavid
McFarlane Toys,
MCM Group,
MDGolf,
Medi-Dyne,
Medicus,
Megabass,
Megellan,
Meopta,
Mepps,
Merrel,
Merrell,
Mid-America Sales,
Midland,
Midland Radio,
Midwest Rake,
Mikasa,
Mike's,
Miken,
Minn Kota,
Minnesota Fats,
Minnesota Flats,
Mio,
MirrOlure,
Misfit,
MISSILE Baits,
Mission,
Mission Fishin,
Mitchell,
Mitchell & Ness,
Mizco,
Mizerak,
Mizuno,mizuno
MLB,
Mobo,
Moeller,
Moji,
MOJO Outdoors,
Molix,
Molten,
Momentus,
Mongoose,
Monster,
Monster Moto,
Montana Black Gold,
Montana Decoy,
Montana Decoys,
Moon Shine Camo,
Mooselook,
Mophie,
Morey,
Morrell,
Moshay,
Mossy Oak,
MotorGuide,
Motorola,
Moultrie,
Mountain Hardwear,
Mountain House,
Mountainsmith,
Mounted Memories,
Moving Comfort,
MP,
MPOWERD,
Mpowered,
Mr. Catfish,
Mr. Crappie,
Mr. Heater,
MRI,
MSR,
MTI,
Muddy,
Muddy Outdoors,
Muddy Outdoors Bloodsport,
Mudkat Sports,
Mueller,
MUK LUKS,
Muscle Driver,
Muscle Milk,
Muscle Pharm,
MuscleTech,
Musky Mania,
Musky Mayhem,
Mustad,
Mustang Survival,
Muzzy,
Mylec,
Nalgene,
Nancy Lopez,
Nash,
Nathan,
National Sporting Goods,
Natural Fitness,
Natural Gear,
Nature's Kettle,
Nautica,
Nautilus,
Navionics,
NBA,
NCAA,
Nebo,
Neff,
Negu,
Nelco,
Neon,
Neumann,
New Balance,newbalance
New England Basket Co.,
New Era,
New World Graphics,
Newbaum's,
Newton Running,
Nexhale,
Next,
Nfinity,
NFL,
NFL Team Apparel,
NHL,
Nickelodeon,
Nickent,
Night Owl Optics,
Nike,nike
Nike ACG,nike
Nike Golf,nike
Nike SB,nike
Nikon,
NIKWAX,
Nishiki,
Nite Ize,
Nockturnal,
Nokona,
Noodle,
North American Trading,
Northeast Products,
Northwest,
Northwest Company,
Nose Jammer,
NPC,
Nukkles,
NuttyBuddy,
NXe,
NXT Generation,
NYX,
O'Brien,
O'Neill,
O2 COOL,
O2COOL,
Oakley,oakley
Obermeyer,
OBO,
OC Sports by Outdoor,
Ocean Kayak,
Ocean Minded,
Odyssey,
Off Shore Tackle,
OFF!,
Offshore Tackle,
Ogio,
OgoSport,
Okuma,
Old Hickory,
Old Time Hockey,
Old Timer,
Old Town,
Olympia,
Omni-Lite,
Omron,
On,
One Industries,
Onitsuka Tiger,
Onix,
OnXmaps,
Onyx,
Optimum Nutrition,
Optimus,
Orage,
Orange Whip,
Orca,
Organized Fishing,
ORONTAS,
Osiris,
OSU,
Otis,
OtterBox,
Outdoor Cap,
Outdoor Connection,
Outdoor Edge,
Outdoor Gear,
Outdoor Products,
Outdoor Research,
Outdoor Tech,
Outerstuff,
Outgo,
OutlineTheSky,
Outward Hound,
Owner,
OYO,
Ozonics,
Oztent,
P-Line,
P90X,
Pacific Cycle,
Palmgard,
Palsa,
Panache,
Panther Martin,
Panther Vision,
Park & Sun,
Park & Sun Sports,
Parker,
Parsons,
Party Animal,
Patagonia,
Pathfinder,
Patternmaster,
Peak,
PEAR,
Pearl Izumi,
Pedal Pushers,
Pelagic,
Pelican,
Pelican Premium,
Penguin,
Penn,
PENN Fishing,
Perception,
Perception Sport,
Perfect Fitness,
Perfect Glove,
Perfect Timing,
Petzl,
Pf Flyers,
Pflueger,
PGA,
Phantom,
Photo File,
Pickleball Now,
Piggyback Rider,
Pigman,
Pillow Pets,
PING,
Pinnacle,
Pinnacle Sports,
Piranha,
Pistol Pete,
Pittman Game Calls,
Pittsburgh Steelers,
Plano,
Platypus,
Plushland,
Pocket Radar,
Podium,
Point 3,
Point Pong,
Polar,
Polar Bottle,
Polaris,
Polaroid,
Poleish Sports,
Port a Pit,
Port Authority,
Porter,
Position Tech,
Position-Tech,
Potable Aqua,
Potomac,
Pow'r Wrap,
Power Balance,
Power Drive,
PowerBlock,
PowerBolt,
Powerline,
PowerMax,
PowerPro,
PowerSox,
Practice Partner,
prAna,
Pride,
Pride Sports,
PRIMED,
Primos,
Primus,
Prince,
Princeton Tec,
Pro Down,
Pro Factor,
Pro Line,
Pro Mini Hoop,
Pro Performance,
Pro Source,
Pro-Cure,
Pro-Form,
Pro-Lite Sports,
Pro-Lok,
Pro-Tec,
ProForm,
ProGo,
Prohands,
PROHITTER,
Prois,
Proline,
Promag,
Promar,
Promera Sports,
PROTEC,
PROVIZ,
PSE,
PTEX,
PTX,
Pulsar,
Pulse Performance Products,
PUMA,
Puralytics,
Pure Fitness,
Pure Fun,
Purell,
Putter Wheel,
Qardio,
QuackHead,
Quaker Boy,
Quantum,
Quarrow,
Quest,
Quick Feet,
QuietWear,
Quik Chair,
Quik Shade,
Quiksilver,
R.B.I.,
Racor,
Radians,
RAGE,
Rage Fitness,
RAILBLAZA,
Rainbow,
Ralph Lauren,
Ranger,
Ranger Nets,
Rapala,
Rave,
Rave Sports,
Rawlings,rawlings
Ray-Ban,
Raymarine,
Razor,
Reaction Innovations,
Reactor,
Ready 2 Fish,
Ready2Fish,
ReadyFuel,
Real Avid,
Realtree,
Realtree Girl,
Realtree Outfitters,
Rebel,
Recreation Enterprises,
Redbone,
Redfield,
Redington,
Redline,
Redneck,
Reebok,reebok
Reef,
REI,
REJUVENATION,
Reliance,
Remington,
Renaissance,
Renfrew,
Repel,
Reusch,
Revgear,
Revo,
Revolight,
Revolights,
Rhino,
Rico,
Riddell,riddell
Ridge Runner,
Rig'em Right,
Rightline Gear,
Ringside,
RIO,
RIP-IT,
Rippin Lips,
Rite Angler,
River2Sea,
Rivers Edge,
Riversider,
Robic,
Roces,
Rockwell,
Rocky,
Roller Derby,
Roller Derby Skate Corporation,
Rollerblade,
Rome,
RoomMates,
Roxy,
Royal,
Royal Grip,
Royce Union,
Ruger,
Rule,
RumbleRoller,
RunningSkirts,
Russell,
Russell Athletic,
Rusty Duck,
RVCA,
RYK�,
Ryno,
Rynoskin,
RYU,
S.O.S.,
S4 Gear,
SA Sports,
SABRE,
Safe T Gard,
Salomon,
Salt Life,
Salty Bones,
Sam Bat,
Samsonite,
Samsung,
SanDisk,
Sanitation Equipment,
Sanuk,
Saris,
Saturnian 1,
Saucony,
Savage Arms,
Savage Gear,
Savant,
Sawyer,
SAXX Underwear,
SAXX Underwear Co.,
Scala,
Scarlet & Gray,
Scarpa,
Scent Shield,
Scent-Lok,
ScentBlocker,
ScentLok,
Schrade,
Schur,
Schutt,schutt
Schwinn,
Scientific Anglers,
Scorpion Master,
Scosche,
Scott,
Scott Archery,
Scotty,
SE,
SE Bikes,
Sea Eagle,
Sea Strike,
Sea Striker,
Sea to Summit,
Seachoice,
Seaguar,
Seal Line,
SealLine,
SeaSense,
Seattle Sports,
Sebile,
SEC/ESPN Network,
Section 101 by Majestic,
Seiko,
Seirus,
Select,
Sensor,
Shade Tech,
Shakespeare,
Shape Active,
Shappell,
Shaun White,
Shaun White Supply Co,
Shaun White Supply Co.,
SHEEX,
Sheffield,
Sher-Wood,
Sherpani,
Shimano,
Shock Athletic,
Shock Doctor,
Shooting Star,
Shoreline Marine,
Shoremaster,
showers pass,
Siberian,
Sierra Designs,
Sig Sauer,
Sightmark,
Sigma,
Sigma Sport,
Silva,
Simmons,
Simon,
Simple Golf Products,
Siskiyou Gifts,
SISU,
sixthreezero,
SKB,
Skech,
Skechers,
SkiGear,
SKINS,
SKLZ,
SKLZ Chrome,
Skullcandy,
Skulpt,
SkyCaddie,
Skywalker Trampolines,
Slackline Industries,
Slazenger,
Slick Trick,
Slime,
Slipp-Nott,
Smart Buddie,
Smart Hockey,smarthockey
SmartWool,
Smith,
Smith & Wesson,
Smith Creek,
Smith Optics,
Smith's,
Smithwick,
Smitty,
SMS Audio,
Snap,
Snow Angel,
Society43,
Sof Sole,
Soffe,
SofSole,
Soft As A Grape,
Softball Excellence,
Softride,
Softspikes,
SOG,
SOL,
SOLE,
Sole Collector,
Soleus,
Sony,
Sorel,
SOTL,
South Bend,
Southern Sport,
Southpole,
Soybu,
Spalding,spalding
Sparkle,
Sparo,
Speedminton,
Speedo,
Spenco,
Sperry Top-Sider,
SPIbelt,
Spiderwire,
Spikeball,
Spitzer,
Sport Haley,
Sport Seat,
Sport Sensor,
Sport Squad,
Sport Supply Group,
Sport Write,
Sport-Brella,
SportDOG,
Sportline,
Sports Heaven,
Sports Images,
Sports Street,
Sportsman Elite,
Sportsstuff,
SportStar,
Sportstuff,
SporTube,
Sportz,
SPOT,
Spot Hogg,
Spot-Hogg,
SPRO,
SPY,
SPY+,
Spyder,
Spyderco,
SpyPoint,
Srixon,
SSI,
St. Croix,
St. Pierre,
Stable 26,
Stack-On,
Stackhouse,
Stacy Adams,
Stalker Radar,
Stamina,
Stance,
Stanley,
Stansport,
Star brite,
Star Rods,
Star Wars,
Stealth Cam,
Stearns,
Steel City Cotton Works,
Steelbody,
Steiner,
Steiner Optics,
Steiner Sports,
SteriPEN,
Stetson,
Steve Madden,
Stick It,
Stick-e,
Stiga,
Stinger,
Stitch Golf,
Stitches,
Stockdale,
Storm,
STOTT PILATES,
Stram,
Stream Machine,
Streamlight,
StreamWorks,
Stren,
Strength,
STRIDER,
Strike King,
StrikeMaster,
Striker Ice,
StringKing,
StringKing Lacrosse,
Stromgren,
Stryker,
STUDIO by Capezio,
STX,stx
Sufix,
Sugoi,
Suick,
Summit,
Sun Dolphin,
Sun Mountain,
Sunday Afternoons,
Sunice,
Super Soft,
Super Stroke,
Superfeet,
Superfly,
SuperMats,
SuperStroke,
Supra,
Supreme Glow,
Surf,
SurfStow,
SURGE,
Suunto,
Swami,
Swarovski,
Swiftwick,
Swimways,
Swing XP,
Swingaway,
Swingbuster,
Swingbyte,
SwingShot,
SwingSmart,
Swiss Arms,
Swiss Cargo,
Swix,
Sworming Hornet,
SYNC,
T.R.U. Ball,
Tachikara,tachikara
Tactical Anglers,
Tady,
Tail,
Tandem,
Tangfoglio,
Tangle Creations,
TapouT,
Tasco,
Taurus,
TaylorMade,
TCK,
Team Effort,
Team Golf,
Team Heads,
Team Marketing,
Team Realtree,
Tear-Aid,
Tecnu,
Tectron,
Teeter,
Teeter Hang Ups,
Teknetics,
Ten-Eighty,
TenPoint,
Tenzing,
Terminator,
Tervis,
TESH,
TETON Sports,
Teva,
Texsport,
That's My Ticket,
THE,
The GolfWorks,
The Highland Mint,
The Honour Society,
The North Face,
The Party Animal,
The Pill Golf,
The STEP,
The Ultimate,
The Victory,
THERA PEARL,
Therm-a-Rest,
Thermablaster,
ThermaCELL,
Thompson,
Thompson/Center Arms,
Thor-Lo,
Thorlo,
Thule,
Tiberius Arms,
Tifosi,
Tiger Balm,
Tiger Stick,
Tiger Tail,
Tight Line Enterprises,
Timberland,
Timberland PRO,
Timbuk2,
Timex,
Tin Cup,
Tink's,
Tippmann,
Tipton,
Tite-Lok,
Titin,
Titleist,
Tom Teasers,
TomTom,
Tony Hawk,
Tony Maja,
Tool Logic,
Top Flite,
Top of the World,
Top Secret,
Topeak,
Topperscot,
Topps,
TopSox,
Tornado,
Total Control Sports,
Total Gym,
Touch,
Touch by Alyssa Milano,
Tour Edge,
TOUR Hockey,
Tourna,
Tourna Grip,
Toys R Us,
Toysmith,
Trademark Games,
Trademark Poker,
Traditions,
TravelChair,
TravisMathew,
Tree Spider,
Trigger Point,
Trimr,
Trion:Z,
Triple Eight,
Tripod,
TroKar,
Trophy Hunting,
Trophy Ridge,
Trophy Rock,
Trophy Taker,
Trout Beads,
Tru-Fire,
TRUE linkswear,
True Temper,
True Timber,
TRUGLO,
TRX,
Tsunami,
Tubbs,
Tucks,
Tudor Games,
TUF-Line,
Tuff Toe,
Turbine,
Turbine Boardwear,
Turtle Fur,
Twin City,
TYR,
Tyrant Tackle,
UCO,
UFC,
UGG,
UGG Australia,
Ugly Stik,
uhlsport,
Ultimate Ears,
Ultra Pro,
Ultrak,
Ultrasonic,
Umarex,
Umbro,
Umpqua,
Uncle Henry,
Uncle Josh,
Uncle Mike's,
Under Armor,underarmour
Under Armour,underarmour
Underbrush,
Unequal,
Unicorn,
Unified Marine,
Union,
Unique Sports,
Universal,
Universal Nutrition,
Unstrung,
UPI Marketing,
UPS,
Ursa Major,
US ARMY,
US Games,
US Weight,
USA Hockey,
USC Authentic Apparel,
UST,
UST Mamiya,
Utica Cutlery,
Utilitee,
V8,
Valken,
Valor Fitness,
Van Staal,
Vanguard,
Vans,
VanStaal,
Vapur,
Varo,
Varo Baseball,
Vasque,
Vaude,
Vaultz,
Vegas Golf,
Velcro,
Velocity,
Venture Outdoors,
Versace,
Vexilar,
VF Imagewear,
Vibram,
Victorinox,
Victory,
Victory Archery,
Viking,
VINCI,
Vintage,
Viper,
Viridian,
Viva Sol,
VMC,
Voice Caddie,
Voit,
Volcano,
Volcom,
Volvik,
VOmax,
Vortex,
Waboba,
Wac'Em Archery,
Wahoo Fitness,
Walker's,
Walker's Game Ear,
Walls,
Walter Hagen,
Walther,
Warmers,
Warrior,
Water Wolf,
Wave Rebel,
Weaver,
Weber,
WebGem,
Weehoo,
WeGo,
Weider,
Wells Lamont,
Wenger,
West Chester,
Western Rivers,
Weston,
WHAM-O,
White Flyer,
White Lightning,
Whitetail Institute,
Wicked,
Wicked Ridge,
Wicked Tree Gear,
Wiffle Ball,
Wigwam,
Wild River,
Wild Sports,
Wildgame,
Wildgame Innovations,
Wildlife Research,
Wildlife Research Center,
Williams,
Williamson,
Wilson,wilson
Wilson Staff,wilson
Winchester,
WinCraft,
Wincraft Sports,
WINMAU,
Winn,
Winning Edge,
Winning Edge Designs,
Winning Streak,
Winning Streak Sports,
Winnwell,
Wizard,
Wolverine,
Wondershade,
WoodHaven,
Woolrich,
Woolworth,
Wordlock,
Work Sharp,
Worth,
Wrangler,
Wright & McGill,
X-Ball,
Xenith,xenith
Xfinity,
XLC,
XONE,
XPROTEX,
XShot,
XSories,
Yak Gear,
Yak-Gear,
Yakima,
Yaktrax,
Yeck Lures,
Yes!,
YETI,
Yo-Zuri,
YOO,
Yukon Charlie's,
YUM,
Yuneec,
Yurbuds,
Yvolution,
Z-Man,
Zak Tackle,
Zamst,
Zebco,
ZEISS,
Zeke's,
ZEN-GA,
ZEN.GA,
ZENGA,
Zensah,
Zephyr,
Zephyr Belts by Mission,
zephz,
Zepp,
Zero Friction,
Zero Restriction,
Zike,
Zing,
Zink,
Zink Avian X,
Zippo,
Zobha,
Zoggs,
ZOIC,
ZONE,
ZUCA,
Zumba,
ZUP,